OTU	Phylum	Class	Order	Family	Genus	Species
OTU1	Ascomycota	Dothideomycetes	Capnodiales	Davidiellaceae	Cladosporium	unclassified
OTU2	Ascomycota	Dothideomycetes	Pleosporales	unclassified	unclassified	unclassified
OTU3	Basidiomycota	Ustilaginomycotina_cls_Incertae_sedis	Malasseziales	Malasseziaceae	Malassezia	Malassezia_restricta
OTU4	Ascomycota	Eurotiomycetes	Eurotiales	Trichocomaceae	Penicillium	unclassified
OTU5	Basidiomycota	unclassified	unclassified	unclassified	unclassified	unclassified
OTU6	Ascomycota	Saccharomycetes	Saccharomycetales	Saccharomycetales_fam_Incertae_sedis	Cyberlindnera	Cyberlindnera_jadinii
OTU7	Ascomycota	Dothideomycetes	Pleosporales	Pleosporaceae	Alternaria	Alternaria_palandui
OTU9	Ascomycota	Saccharomycetes	Saccharomycetales	Saccharomycetaceae	Saccharomyces	unclassified
OTU10	unclassified	unclassified	unclassified	unclassified	unclassified	unclassified
OTU11	Ascomycota	Eurotiomycetes	Eurotiales	Trichocomaceae	Aspergillus	Aspergillus_penicillioides
OTU12	Basidiomycota	Agaricomycetes	Hymenochaetales	Hymenochaetaceae	Hymenochaete	Hymenochaete_innexa
OTU13	Ascomycota	Dothideomycetes	Dothideales	Dothioraceae	Aureobasidium	unclassified
OTU14	Ascomycota	Saccharomycetes	Saccharomycetales	Saccharomycetales_fam_Incertae_sedis	Candida	Candida_tropicalis
OTU15	Ascomycota	Saccharomycetes	Saccharomycetales	Saccharomycetales_fam_Incertae_sedis	Candida	Candida_parapsilosis
OTU16	Ascomycota	Eurotiomycetes	Eurotiales	Trichocomaceae	Aspergillus	Aspergillus_conicus
OTU17	Ascomycota	Dothideomycetes	Dothideomycetes_ord_Incertae_sedis	Dothideomycetes_fam_Incertae_sedis	Leptospora	Leptospora_rubella
OTU18	Ascomycota	Dothideomycetes	Capnodiales	Capnodiales_fam_Incertae_sedis	unclassified_Capnodiales_fam_Incertae_sedis	Capnodiales_fam_Incertae_sedis_sp
OTU19	Basidiomycota	Tremellomycetes	Tremellales	Tremellales_fam_Incertae_sedis	Cryptococcus	Cryptococcus_cyanovorans
OTU20	Ascomycota	Eurotiomycetes	Eurotiales	Trichocomaceae	Aspergillus	unclassified
OTU21	Basidiomycota	Tremellomycetes	Cystofilobasidiales	Cystofilobasidiaceae	Cystofilobasidium	Cystofilobasidium_infirmominiatum
OTU22	Basidiomycota	Agaricomycetes	Auriculariales	Auriculariales_fam_Incertae_sedis	Exidia	unclassified
OTU23	Basidiomycota	Wallemiomycetes	Wallemiales	Wallemiaceae	Wallemia	unclassified
OTU25	Ascomycota	Eurotiomycetes	Eurotiales	Trichocomaceae	Penicillium	unclassified
OTU26	Ascomycota	Eurotiomycetes	Eurotiales	Trichocomaceae	Aspergillus	unclassified
OTU27	unclassified	unclassified	unclassified	unclassified	unclassified	unclassified
OTU28	Ascomycota	Leotiomycetes	Leotiales	Leotiaceae	Pezoloma	Pezoloma_ericae
OTU29	Ascomycota	Eurotiomycetes	Eurotiales	Trichocomaceae	Aspergillus	Aspergillus_rugulosus
OTU31	Ascomycota	Eurotiomycetes	Eurotiales	Trichocomaceae	Aspergillus	unclassified
OTU32	Basidiomycota	Agaricomycetes	Corticiales	Corticiaceae	Vuilleminia	Vuilleminia_coryli
OTU33	Basidiomycota	Agaricomycetes	Corticiales	Corticiaceae	unclassified_Corticiaceae	Corticiaceae_sp
OTU34	Ascomycota	Sordariomycetes	Hypocreales	Cordycipitaceae	unclassified	unclassified
OTU35	unclassified	unclassified	unclassified	unclassified	unclassified	unclassified
OTU36	Ascomycota	Dothideomycetes	Pleosporales	unclassified	unclassified	unclassified
OTU37	Basidiomycota	Wallemiomycetes	Wallemiales	Wallemiaceae	Wallemia	Wallemia_mellicola
OTU38	Basidiomycota	Tremellomycetes	Filobasidiales	Filobasidiaceae	Filobasidium	Filobasidium_capsuligenum
OTU39	Basidiomycota	Agaricomycetes	Agaricales	Schizophyllaceae	Schizophyllum	Schizophyllum_commune
OTU41	Ascomycota	Sordariomycetes	Xylariales	Diatrypaceae	unclassified_Diatrypaceae	Diatrypaceae_sp
OTU42	unclassified	unclassified	unclassified	unclassified	unclassified	unclassified
OTU43	Ascomycota	Eurotiomycetes	Eurotiales	Trichocomaceae	Aspergillus	unclassified
OTU44	Ascomycota	Dothideomycetes	Pleosporales	Pleosporaceae	unclassified	unclassified
OTU45	Ascomycota	Pezizomycetes	Pezizales	Pyronemataceae	Pyronema	Pyronema_sp
OTU46	Ascomycota	Eurotiomycetes	Eurotiales	Trichocomaceae	Aspergillus	Aspergillus_puulaauensis
OTU47	unclassified	unclassified	unclassified	unclassified	unclassified	unclassified
OTU48	unclassified	unclassified	unclassified	unclassified	unclassified	unclassified
OTU49	Ascomycota	Eurotiomycetes	Chaetothyriales	Herpotrichiellaceae	Exophiala	unclassified
OTU50	unclassified	unclassified	unclassified	unclassified	unclassified	unclassified
OTU51	Ascomycota	Sordariomycetes	unclassified	unclassified	unclassified	unclassified
OTU52	Ascomycota	Leotiomycetes	Erysiphales	Erysiphaceae	Blumeria	Blumeria_graminis
OTU53	Ascomycota	Dothideomycetes	Capnodiales	Davidiellaceae	Cladosporium	Cladosporium_halotolerans
OTU54	Basidiomycota	Tremellomycetes	Trichosporonales	Trichosporonaceae	Trichosporon	Trichosporon_domesticum
OTU55	Ascomycota	unclassified	unclassified	unclassified	unclassified	unclassified
OTU56	Ascomycota	Sordariomycetes	Hypocreales	Hypocreales_fam_Incertae_sedis	Sarocladium	Sarocladium_kiliense
OTU57	unclassified	unclassified	unclassified	unclassified	unclassified	unclassified
OTU58	Basidiomycota	Agaricomycetes	Cantharellales	Ceratobasidiaceae	Ceratobasidium	Ceratobasidium_sp
OTU59	unclassified	unclassified	unclassified	unclassified	unclassified	unclassified
OTU60	Basidiomycota	Microbotryomycetes	Sporidiobolales	Sporidiobolales_fam_Incertae_sedis	Rhodotorula	Rhodotorula_mucilaginosa
OTU61	Ascomycota	Leotiomycetes	Helotiales	Sclerotiniaceae	unclassified	unclassified
OTU62	unclassified	unclassified	unclassified	unclassified	unclassified	unclassified
OTU63	Ascomycota	Saccharomycetes	Saccharomycetales	Trichomonascaceae	Blastobotrys	unclassified
OTU64	Basidiomycota	Agaricomycetes	Russulales	Peniophoraceae	Gloiothele	Gloiothele_citrina
OTU65	Basidiomycota	Tremellomycetes	Cystofilobasidiales	Cystofilobasidiaceae	Itersonilia	Itersonilia_perplexans
OTU66	unclassified	unclassified	unclassified	unclassified	unclassified	unclassified
OTU67	Basidiomycota	Exobasidiomycetes	Microstromatales	Microstromataceae	Microstroma	Microstroma_phylloplanum
OTU68	Ascomycota	Dothideomycetes	Botryosphaeriales	Botryosphaeriaceae	Botryosphaeria	unclassified
OTU69	Basidiomycota	Microbotryomycetes	Sporidiobolales	unclassified_Sporidiobolales	unclassified_Sporidiobolales	Sporidiobolales_sp
OTU70	Ascomycota	Dothideomycetes	Pleosporales	Montagnulaceae	unclassified_Montagnulaceae	Montagnulaceae_sp
OTU71	Ascomycota	Saccharomycetes	Saccharomycetales	Saccharomycetales_fam_Incertae_sedis	Candida	Candida_catenulata
OTU72	Ascomycota	Sordariomycetes	Ophiostomatales	Ophiostomataceae	unclassified	unclassified
OTU73	Basidiomycota	Ustilaginomycotina_cls_Incertae_sedis	Malasseziales	Malasseziaceae	Malassezia	unclassified
OTU74	Ascomycota	Dothideomycetes	Pleosporales	Phaeosphaeriaceae	Ampelomyces	Ampelomyces_sp
OTU75	unclassified	unclassified	unclassified	unclassified	unclassified	unclassified
OTU76	Basidiomycota	Agaricomycetes	Russulales	Peniophoraceae	Peniophora	Peniophora_piceae
OTU77	unclassified	unclassified	unclassified	unclassified	unclassified	unclassified
OTU78	Ascomycota	Eurotiomycetes	Eurotiales	Trichocomaceae	Penicillium	unclassified
OTU79	Basidiomycota	Microbotryomycetes	Sporidiobolales	Sporidiobolales_fam_Incertae_sedis	Sporobolomyces	Sporobolomyces_roseus
OTU80	Ascomycota	Sordariomycetes	Sordariomycetidae_ord_Incertae_sedis	Glomerellaceae	Colletotrichum	Colletotrichum_crassipes
OTU81	Ascomycota	Pezizomycotina_cls_Incertae_sedis	Pezizomycotina_ord_Incertae_sedis	Pezizomycotina_fam_Incertae_sedis	Chalara	Chalara_holubovae
OTU82	unclassified	unclassified	unclassified	unclassified	unclassified	unclassified
OTU83	Basidiomycota	Agaricomycetes	Auriculariales	Auriculariales_fam_Incertae_sedis	Exidia	Exidia_glandulosa
OTU84	Ascomycota	Dothideomycetes	Pleosporales	Lophiostomataceae	unclassified	unclassified
OTU85	Ascomycota	Sordariomycetes	Xylariales	Diatrypaceae	unclassified_Diatrypaceae	Diatrypaceae_sp
OTU86	Ascomycota	Sordariomycetes	Hypocreales	Nectriaceae	Gibberella	Gibberella_fujikuroi
OTU87	Basidiomycota	Wallemiomycetes	Wallemiales	Wallemiaceae	Wallemia	Wallemia_canadensis
OTU88	Ascomycota	Dothideomycetes	Pleosporales	unclassified	unclassified	unclassified
OTU89	unclassified	unclassified	unclassified	unclassified	unclassified	unclassified
OTU90	unclassified	unclassified	unclassified	unclassified	unclassified	unclassified
OTU91	Basidiomycota	Ustilaginomycotina_cls_Incertae_sedis	Malasseziales	Malasseziaceae	Malassezia	Malassezia_globosa
OTU92	Ascomycota	Eurotiomycetes	Eurotiales	Trichocomaceae	Penicillium	Penicillium_citrinum
OTU93	Ascomycota	Leotiomycetes	Helotiales	Helotiaceae	Hymenoscyphus	Hymenoscyphus_albidus
OTU94	Basidiomycota	Tremellomycetes	Tremellales	Tremellales_fam_Incertae_sedis	unclassified_Tremellales_fam_Incertae_sedis	Tremellales_fam_Incertae_sedis_sp
OTU95	Basidiomycota	Agaricomycetes	Hymenochaetales	Schizoporaceae	Schizopora	Schizopora_paradoxa
OTU96	Basidiomycota	Agaricomycetes	Polyporales	Meruliaceae	Bjerkandera	Bjerkandera_adusta
OTU97	Basidiomycota	Agaricomycetes	Agaricales	Inocybaceae	Tubaria	unclassified
OTU98	Ascomycota	Dothideomycetes	Pleosporales	unclassified	unclassified	unclassified
OTU99	unclassified	unclassified	unclassified	unclassified	unclassified	unclassified
OTU100	Basidiomycota	Pucciniomycetes	Pucciniales	Pucciniaceae	Puccinia	Puccinia_recondita
OTU101	Ascomycota	Leotiomycetes	Erysiphales	Erysiphaceae	Podosphaera	Podosphaera_tridactyla
OTU102	unclassified	unclassified	unclassified	unclassified	unclassified	unclassified
OTU103	Ascomycota	Dothideomycetes	Pleosporales	unclassified_Pleosporales	unclassified_Pleosporales	Pleosporales_sp
OTU104	Ascomycota	Pezizomycotina_cls_Incertae_sedis	Pezizomycotina_ord_Incertae_sedis	Pseudeurotiaceae	unclassified_Pseudeurotiaceae	Pseudeurotiaceae_sp
OTU105	Ascomycota	Leotiomycetes	Helotiales	Helotiales_fam_Incertae_sedis	unclassified	unclassified
OTU106	Ascomycota	Sordariomycetes	Ophiostomatales	Ophiostomataceae	Sporothrix	unclassified
OTU107	Ascomycota	Dothideomycetes	Pleosporales	unclassified	unclassified	unclassified
OTU108	Basidiomycota	Agaricomycetes	Polyporales	Polyporaceae	Coriolopsis	Coriolopsis_gallica
OTU109	Ascomycota	Sordariomycetes	Coniochaetales	Coniochaetaceae	Coniochaeta	unclassified
OTU110	Basidiomycota	Agaricomycetes	Polyporales	Ganodermataceae	Ganoderma	Ganoderma_australe
OTU111	Basidiomycota	Wallemiomycetes	Wallemiales	Wallemiaceae	Wallemia	Wallemia_canadensis
OTU112	Ascomycota	unclassified	unclassified	unclassified	unclassified	unclassified
OTU113	Ascomycota	Dothideomycetes	Pleosporales	unclassified	unclassified	unclassified
OTU114	Ascomycota	Dothideomycetes	Pleosporales	unclassified	unclassified	unclassified
OTU115	Ascomycota	Pezizomycetes	Pezizales	Morchellaceae	Verpa	Verpa_conica
OTU116	unclassified	unclassified	unclassified	unclassified	unclassified	unclassified
OTU119	Zygomycota	Mucoromycotina_cls_Incertae_sedis	Mucorales	Mucoraceae	Mucor	Mucor_circinelloides
OTU120	Basidiomycota	Agaricomycetes	Polyporales	Phanerochaetaceae	Phanerochaete	unclassified
OTU121	Ascomycota	unclassified	unclassified	unclassified	unclassified	unclassified
OTU122	unclassified	unclassified	unclassified	unclassified	unclassified	unclassified
OTU123	Basidiomycota	Agaricomycetes	Hymenochaetales	Hymenochaetales_fam_Incertae_sedis	Trichaptum	Trichaptum_biforme
OTU124	Ascomycota	Dothideomycetes	Dothideales	Dothioraceae	Aureobasidium	Aureobasidium_pullulans
OTU125	Basidiomycota	Agaricomycetes	Russulales	Peniophoraceae	Peniophora	Peniophora_lycii
OTU126	unclassified	unclassified	unclassified	unclassified	unclassified	unclassified
OTU127	unclassified	unclassified	unclassified	unclassified	unclassified	unclassified
OTU128	Ascomycota	Dothideomycetes	Pleosporales	Pleosporaceae	Chalastospora	Chalastospora_ellipsoidea
OTU129	Basidiomycota	Agaricomycetes	Agaricales	Tricholomataceae	unclassified	unclassified
OTU130	Basidiomycota	Agaricomycetes	Polyporales	Meruliaceae	Mycoacia	Mycoacia_nothofagi
OTU131	Basidiomycota	Ustilaginomycotina_cls_Incertae_sedis	Malasseziales	Malasseziaceae	Malassezia	Malassezia_globosa
OTU132	Basidiomycota	Agaricomycetes	Polyporales	Polyporaceae	Polyporus	Polyporus_tuberaster
OTU133	Basidiomycota	Tremellomycetes	Filobasidiales	Filobasidiaceae	Filobasidium	Filobasidium_magnum
OTU134	unclassified	unclassified	unclassified	unclassified	unclassified	unclassified
OTU135	Ascomycota	Dothideomycetes	Pleosporales	Pleosporales_fam_Incertae_sedis	unclassified	unclassified
OTU136	Ascomycota	Leotiomycetes	Helotiales	Hyaloscyphaceae	Hyaloscypha	unclassified
OTU137	Ascomycota	Leotiomycetes	Helotiales	Vibrisseaceae	unclassified	unclassified
OTU138	Basidiomycota	Tremellomycetes	Tremellales	Tremellales_fam_Incertae_sedis	Cryptococcus	Cryptococcus_baii
OTU139	Ascomycota	unclassified	unclassified	unclassified	unclassified	unclassified
OTU140	Basidiomycota	Ustilaginomycotina_cls_Incertae_sedis	Malasseziales	Malasseziaceae	Malassezia	unclassified
OTU141	Ascomycota	Eurotiomycetes	Eurotiales	Trichocomaceae	Aspergillus	Aspergillus_fumigatus
OTU142	Basidiomycota	Agaricomycetes	Corticiales	Corticiaceae	unclassified_Corticiaceae	Corticiaceae_sp
OTU143	Basidiomycota	Agaricomycetes	Polyporales	Phanerochaetaceae	Phlebiopsis	Phlebiopsis_gigantea
OTU144	Basidiomycota	Agaricomycetes	Polyporales	Phanerochaetaceae	Hyphodermella	Hyphodermella_rosae
OTU145	Basidiomycota	Microbotryomycetes	Sporidiobolales	unclassified_Sporidiobolales	unclassified_Sporidiobolales	Sporidiobolales_sp
OTU146	Basidiomycota	Agaricomycetes	Polyporales	Meruliaceae	Gloeoporus	Gloeoporus_pannocinctus
OTU147	unclassified	unclassified	unclassified	unclassified	unclassified	unclassified
OTU148	Ascomycota	unclassified	unclassified	unclassified	unclassified	unclassified
OTU149	Ascomycota	Pezizomycotina_cls_Incertae_sedis	Pezizomycotina_ord_Incertae_sedis	Pezizomycotina_fam_Incertae_sedis	Cryptostroma	Cryptostroma_corticale
OTU150	Basidiomycota	Ustilaginomycotina_cls_Incertae_sedis	Malasseziales	unclassified_Malasseziales	unclassified_Malasseziales	Malasseziales_sp
OTU151	unclassified	unclassified	unclassified	unclassified	unclassified	unclassified
OTU152	Ascomycota	Eurotiomycetes	Eurotiales	Trichocomaceae	Penicillium	unclassified
OTU153	Basidiomycota	Agaricomycetes	Agaricales	Psathyrellaceae	Psathyrella	Psathyrella_maculata
OTU154	Ascomycota	Leotiomycetes	Leotiomycetes_ord_Incertae_sedis	Myxotrichaceae	Pseudogymnoascus	Pseudogymnoascus_roseus
OTU155	Ascomycota	Sordariomycetes	Hypocreales	Nectriaceae	Gibberella	Gibberella_intricans
OTU156	Ascomycota	Taphrinomycetes	Taphrinales	Taphrinaceae	Lalaria	Lalaria_sp
OTU157	unclassified	unclassified	unclassified	unclassified	unclassified	unclassified
OTU158	Basidiomycota	Agaricomycetes	Agaricales	Tricholomataceae	Resupinatus	Resupinatus_sp
OTU159	Basidiomycota	Agaricomycetes	Corticiales	Corticiaceae	unclassified_Corticiaceae	Corticiaceae_sp
OTU160	unclassified	unclassified	unclassified	unclassified	unclassified	unclassified
OTU161	Basidiomycota	Tremellomycetes	Tremellales	Tremellales_fam_Incertae_sedis	Cryptococcus	unclassified
OTU162	Ascomycota	Dothideomycetes	Pleosporales	Phaeosphaeriaceae	Phaeosphaeria	unclassified
OTU163	Basidiomycota	Ustilaginomycotina_cls_Incertae_sedis	Malasseziales	Malasseziaceae	Malassezia	Malassezia_sympodialis
OTU164	Basidiomycota	Agaricomycetes	unclassified	unclassified	unclassified	unclassified
OTU165	Basidiomycota	Agaricomycetes	Polyporales	Polyporaceae	Daedaleopsis	Daedaleopsis_confragosa
OTU166	Basidiomycota	Cystobasidiomycetes	Cystobasidiales	Cystobasidiaceae	Cystobasidium	unclassified
OTU167	Ascomycota	Sordariomycetes	Xylariales	Diatrypaceae	Eutypa	Eutypa_spinosa
OTU168	Ascomycota	Leotiomycetes	Helotiales	Helotiales_fam_Incertae_sedis	Infundichalara	Infundichalara_sp
OTU169	Basidiomycota	Ustilaginomycotina_cls_Incertae_sedis	Malasseziales	Malasseziaceae	Malassezia	Malassezia_sp
OTU170	Basidiomycota	Agaricomycetes	Polyporales	Polyporaceae	Trametes	Trametes_versicolor
OTU171	Basidiomycota	Ustilaginomycotina_cls_Incertae_sedis	Malasseziales	Malasseziaceae	Malassezia	Malassezia_restricta
OTU172	Ascomycota	Sordariomycetes	Hypocreomycetidae_ord_Incertae_sedis	Plectosphaerellaceae	Gibellulopsis	Gibellulopsis_nigrescens
OTU173	Basidiomycota	Agaricomycetes	Polyporales	Fomitopsidaceae	Antrodia	Antrodia_minuta
OTU174	Basidiomycota	Agaricostilbomycetes	Agaricostilbales	Chionosphaeraceae	unclassified_Chionosphaeraceae	Chionosphaeraceae_sp
OTU175	unclassified	unclassified	unclassified	unclassified	unclassified	unclassified
OTU176	Basidiomycota	Agaricomycetes	Russulales	Stereaceae	Stereum	Stereum_hirsutum
OTU177	Basidiomycota	Agaricomycetes	Hymenochaetales	Schizoporaceae	Hyphodontia	Hyphodontia_radula
OTU178	Ascomycota	Sordariomycetes	Hypocreales	Hypocreaceae	Trichoderma	unclassified
OTU179	Basidiomycota	Wallemiomycetes	Wallemiales	Wallemiaceae	Wallemia	Wallemia_sebi
OTU180	unclassified	unclassified	unclassified	unclassified	unclassified	unclassified
OTU181	Basidiomycota	Tremellomycetes	Tremellales	Tremellales_fam_Incertae_sedis	Dioszegia	Dioszegia_hungarica
OTU182	Ascomycota	unclassified	unclassified	unclassified	unclassified	unclassified
OTU183	Ascomycota	Sordariomycetes	Hypocreales	Hypocreaceae	Trichoderma	unclassified
OTU184	Basidiomycota	Tremellomycetes	Tremellales	Tremellales_fam_Incertae_sedis	Bullera	Bullera_globospora
OTU185	Basidiomycota	Agaricomycetes	Agaricales	Strophariaceae	Hypholoma	Hypholoma_fasciculare
OTU186	Basidiomycota	Agaricomycetes	Polyporales	Meruliaceae	Cabalodontia	Cabalodontia_sp
OTU187	Basidiomycota	Agaricomycetes	unclassified	unclassified	unclassified	unclassified
OTU188	Ascomycota	Eurotiomycetes	unclassified	unclassified	unclassified	unclassified
OTU189	Basidiomycota	Tremellomycetes	Trichosporonales	Trichosporonaceae	Trichosporon	Trichosporon_dehoogii
OTU190	Ascomycota	Sordariomycetes	unclassified	unclassified	unclassified	unclassified
OTU191	unclassified	unclassified	unclassified	unclassified	unclassified	unclassified
OTU192	Ascomycota	Leotiomycetes	Erysiphales	Erysiphaceae	Golovinomyces	Golovinomyces_montagnei
OTU193	unclassified	unclassified	unclassified	unclassified	unclassified	unclassified
OTU194	Chytridiomycota	Chytridiomycetes	Olpidiales	Olpidiaceae	unclassified_Olpidiaceae	Olpidiaceae_sp
OTU195	Basidiomycota	Agaricomycetes	Russulales	Peniophoraceae	Peniophora	unclassified
OTU197	unclassified	unclassified	unclassified	unclassified	unclassified	unclassified
OTU198	Basidiomycota	Agaricomycetes	Agaricomycetes_ord_Incertae_sedis	Agaricomycetes_fam_Incertae_sedis	Resinicium	Resinicium_bicolor
OTU199	Basidiomycota	Tremellomycetes	Tremellales	Tremellales_fam_Incertae_sedis	unclassified	unclassified
OTU200	unclassified	unclassified	unclassified	unclassified	unclassified	unclassified
OTU201	unclassified	unclassified	unclassified	unclassified	unclassified	unclassified
OTU202	Basidiomycota	Agaricomycetes	Agaricales	Psathyrellaceae	Coprinopsis	Coprinopsis_strossmayeri
OTU203	Ascomycota	unclassified	unclassified	unclassified	unclassified	unclassified
OTU204	Ascomycota	Eurotiomycetes	Eurotiales	Trichocomaceae	Aspergillus	Aspergillus_penicillioides
OTU205	Basidiomycota	Agaricomycetes	unclassified	unclassified	unclassified	unclassified
OTU206	unclassified	unclassified	unclassified	unclassified	unclassified	unclassified
OTU207	Ascomycota	Eurotiomycetes	Eurotiales	Trichocomaceae	Penicillium	unclassified
OTU208	Ascomycota	Sordariomycetes	unclassified	unclassified	unclassified	unclassified
OTU209	Ascomycota	Eurotiomycetes	Chaetothyriales	Chaetothyriales_fam_Incertae_sedis	Coniosporium	Coniosporium_apollinis
OTU210	Zygomycota	Mortierellomycotina_cls_Incertae_sedis	Mortierellales	Mortierellaceae	Mortierella	Mortierella_humilis
OTU211	Basidiomycota	Agaricomycetes	unclassified	unclassified	unclassified	unclassified
OTU212	Ascomycota	Leotiomycetes	Erysiphales	Erysiphaceae	Erysiphe	Erysiphe_sp
OTU213	unclassified	unclassified	unclassified	unclassified	unclassified	unclassified
OTU214	Basidiomycota	Tremellomycetes	Tremellales	Tremellales_fam_Incertae_sedis	Cryptococcus	Cryptococcus_pseudolongus
OTU215	Ascomycota	Leotiomycetes	Helotiales	Helotiales_fam_Incertae_sedis	Phacidiella	Phacidiella_eucalypti
OTU216	Basidiomycota	Agaricomycetes	Hymenochaetales	Hymenochaetaceae	Hymenochaete	unclassified
OTU217	Ascomycota	Sordariomycetes	Hypocreales	Cordycipitaceae	Engyodontium	Engyodontium_album
OTU218	Ascomycota	Sordariomycetes	Hypocreales	Clavicipitaceae	unclassified	unclassified
OTU219	Ascomycota	Dothideomycetes	Capnodiales	Teratosphaeriaceae	Eupenidiella	Eupenidiella_venezuelensis
OTU220	Ascomycota	Dothideomycetes	Capnodiales	Mycosphaerellaceae	Pseudocercospora	Pseudocercospora_cordiana
OTU221	Ascomycota	Sordariomycetes	Hypocreales	Ophiocordycipitaceae	Purpureocillium	Purpureocillium_lilacinum
OTU222	Basidiomycota	Agaricomycetes	Hymenochaetales	Schizoporaceae	Hyphodontia	Hyphodontia_alutaria
OTU223	Basidiomycota	Agaricomycetes	Hymenochaetales	Hymenochaetaceae	Fuscoporia	Fuscoporia_ferruginosa
OTU224	Ascomycota	Saccharomycetes	Saccharomycetales	Saccharomycetales_fam_Incertae_sedis	Debaryomyces	Debaryomyces_prosopidis
OTU225	Basidiomycota	Dacrymycetes	Dacrymycetales	Dacrymycetaceae	Cerinosterus	Cerinosterus_luteoalbus
OTU226	Basidiomycota	Agaricomycetes	Polyporales	Fomitopsidaceae	Anomoloma	Anomoloma_sp
OTU227	Ascomycota	Dothideomycetes	Pleosporales	Phaeosphaeriaceae	Phaeosphaeria	unclassified
OTU228	Ascomycota	Dothideomycetes	Pleosporales	Pleosporales_fam_Incertae_sedis	Periconia	Periconia_pseudobyssoides
OTU229	unclassified	unclassified	unclassified	unclassified	unclassified	unclassified
OTU230	Basidiomycota	Tremellomycetes	Tremellales	Tremellales_fam_Incertae_sedis	Dioszegia	unclassified
OTU231	Ascomycota	unclassified	unclassified	unclassified	unclassified	unclassified
OTU232	Ascomycota	Eurotiomycetes	Chaetothyriales	Chaetothyriales_fam_Incertae_sedis	Coniosporium	Coniosporium_apollinis
OTU233	Ascomycota	Dothideomycetes	Capnodiales	Mycosphaerellaceae	unclassified	unclassified
OTU234	Ascomycota	Sordariomycetes	Hypocreales	Cordycipitaceae	Engyodontium	Engyodontium_album
OTU235	Ascomycota	Dothideomycetes	Pleosporales	Phaeosphaeriaceae	Phaeosphaeria	Phaeosphaeria_microscopica
OTU236	Basidiomycota	Agaricomycetes	Agaricales	Psathyrellaceae	Psathyrella	Psathyrella_piluliformis
OTU237	Ascomycota	Eurotiomycetes	Eurotiales	Trichocomaceae	Aspergillus	Aspergillus_penicillioides
OTU238	Ascomycota	Dothideomycetes	Pleosporales	Pleosporaceae	Curvularia	Curvularia_pseudorobusta
OTU239	Ascomycota	Dothideomycetes	Pleosporales	Sporormiaceae	unclassified	unclassified
OTU240	Basidiomycota	Exobasidiomycetes	Microstromatales	Microstromatales_fam_Incertae_sedis	Jaminaea	Jaminaea_angkorensis
OTU241	Ascomycota	Dothideomycetes	Venturiales	Venturiaceae	Rhizosphaera	Rhizosphaera_sp
OTU242	Ascomycota	Sordariomycetes	Hypocreales	Hypocreales_fam_Incertae_sedis	Acremonium	Acremonium_hyalinulum
OTU243	Basidiomycota	Agaricomycetes	Hymenochaetales	Schizoporaceae	Hyphodontia	Hyphodontia_radula
OTU244	Ascomycota	Sordariomycetes	Sordariales	unclassified	unclassified	unclassified
OTU245	Ascomycota	Sordariomycetes	Hypocreales	Hypocreales_fam_Incertae_sedis	Stilbella	Stilbella_sp
OTU246	Ascomycota	Saccharomycetes	Saccharomycetales	Saccharomycetales_fam_Incertae_sedis	Candida	Candida_sake
OTU247	Basidiomycota	Cystobasidiomycetes	Cystobasidiales	Cystobasidiaceae	Cystobasidium	Cystobasidium_pinicola
OTU248	Ascomycota	Dothideomycetes	Pleosporales	Pleosporales_fam_Incertae_sedis	Ascochyta	Ascochyta_medicaginicola
OTU249	Ascomycota	Saccharomycetes	Saccharomycetales	Saccharomycetales_fam_Incertae_sedis	Candida	Candida_santamariae
OTU250	unclassified	unclassified	unclassified	unclassified	unclassified	unclassified
OTU252	Ascomycota	Leotiomycetes	unclassified	unclassified	unclassified	unclassified
OTU253	Basidiomycota	Tremellomycetes	Tremellales	Tremellales_fam_Incertae_sedis	Cryptococcus	Cryptococcus_friedmannii
OTU254	Ascomycota	unclassified	unclassified	unclassified	unclassified	unclassified
OTU255	Ascomycota	Sordariomycetes	Trichosphaeriales	Trichosphaeriales_fam_Incertae_sedis	Nigrospora	Nigrospora_oryzae
OTU256	Ascomycota	unclassified	unclassified	unclassified	unclassified	unclassified
OTU257	Basidiomycota	Agaricomycetes	Polyporales	unclassified	unclassified	unclassified
OTU258	Ascomycota	Sordariomycetes	Diaporthales	Gnomoniaceae	unclassified	unclassified
OTU259	Basidiomycota	Tremellomycetes	Tremellales	Tremellales_fam_Incertae_sedis	Tremella	Tremella_mesenterica
OTU260	Ascomycota	Sordariomycetes	Hypocreales	Cordycipitaceae	Lecanicillium	unclassified
OTU261	Ascomycota	unclassified	unclassified	unclassified	unclassified	unclassified
OTU262	Basidiomycota	Agaricomycetes	Agaricales	Psathyrellaceae	Coprinellus	Coprinellus_ellisii
OTU263	Basidiomycota	Tremellomycetes	Tremellales	Tremellales_fam_Incertae_sedis	Cryptococcus	Cryptococcus_victoriae
OTU264	unclassified	unclassified	unclassified	unclassified	unclassified	unclassified
OTU265	Basidiomycota	Agaricomycetes	Polyporales	Polyporaceae	Lentinus	unclassified
OTU266	unclassified	unclassified	unclassified	unclassified	unclassified	unclassified
OTU267	unclassified	unclassified	unclassified	unclassified	unclassified	unclassified
OTU268	Ascomycota	Dothideomycetes	Pleosporales	Pleosporaceae	Pyrenophora	Pyrenophora_teres
OTU269	unclassified	unclassified	unclassified	unclassified	unclassified	unclassified
OTU270	Basidiomycota	Agaricomycetes	Polyporales	Meruliaceae	Steccherinum	Steccherinum_ochraceum
OTU271	Ascomycota	unclassified	unclassified	unclassified	unclassified	unclassified
OTU272	Ascomycota	Saccharomycetes	Saccharomycetales	unclassified	unclassified	unclassified
OTU273	Ascomycota	Eurotiomycetes	Eurotiales	Trichocomaceae	Aspergillus	Aspergillus_penicillioides
OTU274	unclassified	unclassified	unclassified	unclassified	unclassified	unclassified
OTU275	Basidiomycota	Tremellomycetes	Tremellales	Tremellales_fam_Incertae_sedis	Bulleromyces	Bulleromyces_albus
OTU276	Ascomycota	Dothideomycetes	unclassified	unclassified	unclassified	unclassified
OTU277	Ascomycota	Sordariomycetes	Diaporthales	Diaporthaceae	Diaporthe	unclassified
OTU278	Ascomycota	Dothideomycetes	Pleosporales	Phaeosphaeriaceae	Phaeosphaeria	Phaeosphaeria_sp
OTU279	Ascomycota	Dothideomycetes	Pleosporales	Lophiostomataceae	Lophiostoma	Lophiostoma_macrostomum
OTU280	Ascomycota	Lecanoromycetes	Teloschistales	Teloschistaceae	Flavoplaca	Flavoplaca_flavocitrina
OTU281	Ascomycota	Leotiomycetes	Helotiales	Vibrisseaceae	unclassified	unclassified
OTU282	Basidiomycota	Tremellomycetes	Cystofilobasidiales	Cystofilobasidiaceae	Guehomyces	Guehomyces_pullulans
OTU283	Basidiomycota	Agaricomycetes	Polyporales	Polyporaceae	Trametes	unclassified
OTU284	Basidiomycota	Agaricomycetes	Agaricales	Psathyrellaceae	Psathyrella	unclassified
OTU285	Ascomycota	unclassified	unclassified	unclassified	unclassified	unclassified
OTU286	Ascomycota	Dothideomycetes	Botryosphaeriales	Botryosphaeriaceae	Neofusicoccum	unclassified
OTU287	Ascomycota	Leotiomycetes	unclassified	unclassified	unclassified	unclassified
OTU288	unclassified	unclassified	unclassified	unclassified	unclassified	unclassified
OTU289	Ascomycota	Dothideomycetes	Pleosporales	Pleosporaceae	Stemphylium	Stemphylium_herbarum
OTU290	unclassified	unclassified	unclassified	unclassified	unclassified	unclassified
OTU291	Basidiomycota	Tremellomycetes	Filobasidiales	Filobasidiaceae	Filobasidium	Filobasidium_magnum
OTU292	unclassified	unclassified	unclassified	unclassified	unclassified	unclassified
OTU293	unclassified	unclassified	unclassified	unclassified	unclassified	unclassified
OTU294	Ascomycota	Eurotiomycetes	Eurotiales	Eurotiales_fam_Incertae_sedis	Thermomyces	Thermomyces_lanuginosus
OTU295	Ascomycota	Dothideomycetes	unclassified	unclassified	unclassified	unclassified
OTU296	Ascomycota	Leotiomycetes	Rhytismatales	Rhytismataceae	Lophodermium	Lophodermium_australe
OTU297	Basidiomycota	Agaricomycetes	Russulales	Peniophoraceae	Peniophora	Peniophora_incarnata
OTU298	Ascomycota	Eurotiomycetes	Chaetothyriales	Herpotrichiellaceae	Rhinocladiella	Rhinocladiella_sp
OTU299	Ascomycota	Sordariomycetes	Hypocreales	Cordycipitaceae	unclassified	unclassified
OTU300	Basidiomycota	Agaricomycetes	Hymenochaetales	Schizoporaceae	Hyphodontia	Hyphodontia_arguta
OTU301	unclassified	unclassified	unclassified	unclassified	unclassified	unclassified
OTU302	Basidiomycota	Tremellomycetes	Tremellales	Tremellales_fam_Incertae_sedis	Cryptococcus	Cryptococcus_aureus
OTU303	Ascomycota	Sordariomycetes	Hypocreales	Cordycipitaceae	Engyodontium	Engyodontium_album
OTU304	Ascomycota	Dothideomycetes	Pleosporales	unclassified_Pleosporales	unclassified_Pleosporales	Pleosporales_sp
OTU305	Ascomycota	unclassified	unclassified	unclassified	unclassified	unclassified
OTU306	Ascomycota	unclassified	unclassified	unclassified	unclassified	unclassified
OTU307	Basidiomycota	Agaricomycetes	unclassified	unclassified	unclassified	unclassified
OTU308	unclassified	unclassified	unclassified	unclassified	unclassified	unclassified
OTU309	Basidiomycota	Tremellomycetes	Tremellales	Tremellales_fam_Incertae_sedis	Cryptococcus	Cryptococcus_victoriae
OTU310	unclassified	unclassified	unclassified	unclassified	unclassified	unclassified
OTU311	Ascomycota	Dothideomycetes	Capnodiales	Mycosphaerellaceae	Dissoconium	Dissoconium_aciculare
OTU312	Basidiomycota	Agaricomycetes	Boletales	Coniophoraceae	Coniophora	Coniophora_puteana
OTU313	Ascomycota	Dothideomycetes	Pleosporales	Phaeosphaeriaceae	Phaeosphaeria	Phaeosphaeria_triglochinicola
OTU314	Ascomycota	Dothideomycetes	unclassified	unclassified	unclassified	unclassified
OTU315	Basidiomycota	Pucciniomycetes	Pucciniales	Melampsoraceae	Melampsora	Melampsora_medusae-populina
OTU316	Basidiomycota	Agaricomycetes	Agaricales	Physalacriaceae	Cylindrobasidium	Cylindrobasidium_evolvens
OTU318	Ascomycota	unclassified	unclassified	unclassified	unclassified	unclassified
OTU319	Basidiomycota	Agaricomycetes	Polyporales	unclassified	unclassified	unclassified
OTU320	Basidiomycota	Agaricomycetes	Polyporales	Polyporaceae	Fomes	Fomes_fomentarius
OTU321	Ascomycota	Eurotiomycetes	Chaetothyriales	Herpotrichiellaceae	unclassified	unclassified
OTU322	Basidiomycota	Agaricomycetes	Agaricales	unclassified	unclassified	unclassified
OTU323	Ascomycota	unclassified	unclassified	unclassified	unclassified	unclassified
OTU324	Ascomycota	Eurotiomycetes	Eurotiales	Trichocomaceae	Aspergillus	Aspergillus_pseudodeflectus
OTU325	unclassified	unclassified	unclassified	unclassified	unclassified	unclassified
OTU326	Basidiomycota	Agaricomycetes	Agaricales	unclassified	unclassified	unclassified
OTU327	Basidiomycota	Agaricomycetes	Polyporales	Meruliaceae	Irpex	unclassified
OTU328	Basidiomycota	Microbotryomycetes	Sporidiobolales	Sporidiobolales_fam_Incertae_sedis	Sporobolomyces	Sporobolomyces_ruberrimus
OTU329	Ascomycota	unclassified	unclassified	unclassified	unclassified	unclassified
OTU330	Ascomycota	unclassified	unclassified	unclassified	unclassified	unclassified
OTU331	Basidiomycota	Agaricomycetes	Agaricales	Tricholomataceae	Pseudoclitocybe	Pseudoclitocybe_cyathiformis
OTU332	unclassified	unclassified	unclassified	unclassified	unclassified	unclassified
OTU333	Basidiomycota	Agaricomycetes	Agaricales	Mycenaceae	Mycena	unclassified
OTU334	Basidiomycota	Agaricomycetes	Agaricales	Psathyrellaceae	Coprinopsis	unclassified
OTU335	Ascomycota	Sordariomycetes	Diaporthales	Valsaceae	unclassified	unclassified
OTU336	Basidiomycota	Agaricomycetes	Agaricales	Tricholomataceae	Tricholoma	Tricholoma_populinum
OTU337	Ascomycota	Sordariomycetes	Hypocreales	Nectriaceae	unclassified	unclassified
OTU338	Ascomycota	Sordariomycetes	Xylariales	Diatrypaceae	unclassified	unclassified
OTU339	Ascomycota	Sordariomycetes	Coniochaetales	Coniochaetaceae	Lecythophora	Lecythophora_fasciculata
OTU340	Ascomycota	Sordariomycetes	Diaporthales	Melanconidaceae	Melanconiella	unclassified
OTU341	Ascomycota	Dothideomycetes	Capnodiales	unclassified	unclassified	unclassified
OTU342	unclassified	unclassified	unclassified	unclassified	unclassified	unclassified
OTU343	unclassified	unclassified	unclassified	unclassified	unclassified	unclassified
OTU344	Basidiomycota	Agaricomycetes	Hymenochaetales	Schizoporaceae	Xylodon	Xylodon_sambuci
OTU345	unclassified	unclassified	unclassified	unclassified	unclassified	unclassified
OTU346	Basidiomycota	Agaricomycetes	Cantharellales	unclassified	unclassified	unclassified
OTU347	Basidiomycota	Agaricomycetes	Hymenochaetales	Hymenochaetaceae	Fomitiporia	Fomitiporia_punicata
OTU348	Ascomycota	Dothideomycetes	Capnodiales	unclassified	unclassified	unclassified
OTU349	Ascomycota	Dothideomycetes	Pleosporales	Pleosporales_fam_Incertae_sedis	Periconia	Periconia_sp
OTU350	Basidiomycota	Tremellomycetes	Cystofilobasidiales	Cystofilobasidiaceae	Udeniomyces	Udeniomyces_pyricola
OTU352	Basidiomycota	Agaricomycetes	Agaricales	unclassified	unclassified	unclassified
OTU353	Basidiomycota	Agaricomycetes	Polyporales	Polyporaceae	Trametes	Trametes_gibbosa
OTU354	Ascomycota	Sordariomycetes	Hypocreales	unclassified	unclassified	unclassified
OTU355	Ascomycota	Dothideomycetes	Pleosporales	unclassified	unclassified	unclassified
OTU356	Ascomycota	Dothideomycetes	Capnodiales	Mycosphaerellaceae	Sphaerulina	unclassified
OTU357	unclassified	unclassified	unclassified	unclassified	unclassified	unclassified
OTU358	Ascomycota	Dothideomycetes	Capnodiales	Davidiellaceae	Cladosporium	unclassified
OTU359	Basidiomycota	Agaricomycetes	Agaricales	Psathyrellaceae	Coprinellus	Coprinellus_ellisii
OTU360	Basidiomycota	Agaricomycetes	Cantharellales	unclassified	unclassified	unclassified
OTU361	Ascomycota	Sordariomycetes	Hypocreales	Hypocreaceae	Trichoderma	unclassified
OTU362	Ascomycota	Eurotiomycetes	unclassified	unclassified	unclassified	unclassified
OTU363	Ascomycota	Eurotiomycetes	Chaetothyriales	Herpotrichiellaceae	Cladophialophora	unclassified
OTU364	Basidiomycota	Agaricomycetes	Agaricales	Psathyrellaceae	Coprinellus	Coprinellus_micaceus
OTU365	Basidiomycota	Cystobasidiomycetes	Cystobasidiomycetes_ord_Incertae_sedis	Symmetrosporaceae	Symmetrospora	Symmetrospora_coprosmae
OTU366	unclassified	unclassified	unclassified	unclassified	unclassified	unclassified
OTU367	Basidiomycota	Exobasidiomycetes	Microstromatales	Microstromataceae	Microstroma	Microstroma_album
OTU368	Basidiomycota	Agaricomycetes	Agaricales	unclassified	unclassified	unclassified
OTU369	Ascomycota	unclassified	unclassified	unclassified	unclassified	unclassified
OTU370	unclassified	unclassified	unclassified	unclassified	unclassified	unclassified
OTU371	Ascomycota	unclassified	unclassified	unclassified	unclassified	unclassified
OTU372	Ascomycota	Leotiomycetes	Leotiomycetes_ord_Incertae_sedis	Myxotrichaceae	Oidiodendron	unclassified
OTU373	Basidiomycota	Exobasidiomycetes	Exobasidiales	Exobasidiaceae	Exobasidium	Exobasidium_sp
OTU374	Ascomycota	Saccharomycetes	Saccharomycetales	Saccharomycetales_fam_Incertae_sedis	Wickerhamomyces	Wickerhamomyces_anomalus
OTU375	Ascomycota	Leotiomycetes	Erysiphales	Erysiphaceae	Neoerysiphe	Neoerysiphe_nevoi
OTU376	Basidiomycota	Ustilaginomycotina_cls_Incertae_sedis	Malasseziales	Malasseziaceae	Malassezia	Malassezia_restricta
OTU377	Basidiomycota	Agaricomycetes	unclassified	unclassified	unclassified	unclassified
OTU379	Basidiomycota	Agaricomycetes	Polyporales	unclassified	unclassified	unclassified
OTU380	Basidiomycota	Agaricomycetes	Polyporales	Phanerochaetaceae	Terana	Terana_caerulea
OTU381	Ascomycota	Lecanoromycetes	Teloschistales	Physciaceae	Hyperphyscia	Hyperphyscia_adglutinata
OTU382	unclassified	unclassified	unclassified	unclassified	unclassified	unclassified
OTU383	Ascomycota	unclassified	unclassified	unclassified	unclassified	unclassified
OTU384	Ascomycota	Dothideomycetes	Pleosporales	Montagnulaceae	unclassified	unclassified
OTU385	Basidiomycota	Microbotryomycetes	Sporidiobolales	unclassified	unclassified	unclassified
OTU386	Ascomycota	Dothideomycetes	Pleosporales	Pleosporales_fam_Incertae_sedis	Periconia	Periconia_macrospinosa
OTU387	Basidiomycota	Agaricomycetes	Agaricales	Psathyrellaceae	Coprinellus	Coprinellus_micaceus
OTU388	Ascomycota	Eurotiomycetes	Verrucariales	Verrucariaceae	unclassified	unclassified
OTU389	Basidiomycota	Agaricomycetes	Corticiales	Corticiaceae	unclassified	unclassified
OTU390	Basidiomycota	Agaricomycetes	Polyporales	unclassified	unclassified	unclassified
OTU391	Ascomycota	Pezizomycetes	Pezizales	Pezizaceae	unclassified	unclassified
OTU392	Ascomycota	Leotiomycetes	Helotiales	Helotiaceae	Crocicreas	Crocicreas_epicalamia
OTU393	Ascomycota	unclassified	unclassified	unclassified	unclassified	unclassified
OTU394	Basidiomycota	Agaricomycetes	Russulales	Stereaceae	unclassified_Stereaceae	Stereaceae_sp
OTU395	Ascomycota	Eurotiomycetes	Eurotiales	Trichocomaceae	Aspergillus	Aspergillus_sp
OTU396	Basidiomycota	Ustilaginomycetes	Ustilaginales	Ustilaginaceae	Ustilago	Ustilago_trichophora
OTU397	Ascomycota	Sordariomycetes	unclassified	unclassified	unclassified	unclassified
OTU398	Ascomycota	Sordariomycetes	Sordariales	Sordariaceae	unclassified	unclassified
OTU399	Ascomycota	Eurotiomycetes	Eurotiales	Trichocomaceae	Aspergillus	Aspergillus_niger
OTU400	Ascomycota	Sordariomycetes	Hypocreales	Clavicipitaceae	unclassified	unclassified
OTU401	Basidiomycota	Exobasidiomycetes	Exobasidiomycetidae_ord_Incertae_sedis	Exobasidiomycetidae_fam_Incertae_sedis	Meira	Meira_nashicola
OTU402	Basidiomycota	Agaricomycetes	Russulales	Peniophoraceae	Peniophora	Peniophora_piceae
OTU403	Ascomycota	Leotiomycetes	Erysiphales	Erysiphaceae	Podosphaera	Podosphaera_leucotricha
OTU404	Ascomycota	Dothideomycetes	Pleosporales	Phaeosphaeriaceae	unclassified	unclassified
OTU405	unclassified	unclassified	unclassified	unclassified	unclassified	unclassified
OTU406	unclassified	unclassified	unclassified	unclassified	unclassified	unclassified
OTU407	unclassified	unclassified	unclassified	unclassified	unclassified	unclassified
OTU408	Ascomycota	Sordariomycetes	Sordariales	Lasiosphaeriaceae	Schizothecium	Schizothecium_carpinicola
OTU409	Basidiomycota	Tremellomycetes	Cystofilobasidiales	Cystofilobasidiaceae	Cystofilobasidium	Cystofilobasidium_capitatum
OTU410	Ascomycota	unclassified	unclassified	unclassified	unclassified	unclassified
OTU411	Ascomycota	Dothideomycetes	Pleosporales	unclassified	unclassified	unclassified
OTU412	Ascomycota	Taphrinomycetes	Taphrinales	Taphrinaceae	Taphrina	Taphrina_communis
OTU413	Ascomycota	Eurotiomycetes	Chaetothyriales	Herpotrichiellaceae	unclassified	unclassified
OTU414	Basidiomycota	Agaricomycetes	Polyporales	Polyporaceae	Perenniporia	Perenniporia_fraxinea
OTU415	Ascomycota	Lecanoromycetes	Teloschistales	Teloschistaceae	Caloplaca	unclassified
OTU416	Ascomycota	Leotiomycetes	Helotiales	Helotiales_fam_Incertae_sedis	unclassified	unclassified
OTU417	Basidiomycota	Microbotryomycetes	Sporidiobolales	Sporidiobolales_fam_Incertae_sedis	Rhodotorula	Rhodotorula_toruloides
OTU418	Ascomycota	Leotiomycetes	Helotiales	Sclerotiniaceae	unclassified	unclassified
OTU419	unclassified	unclassified	unclassified	unclassified	unclassified	unclassified
OTU420	Ascomycota	Leotiomycetes	Helotiales	Helotiales_fam_Incertae_sedis	Naevala	Naevala_perexigua
OTU421	Ascomycota	Dothideomycetes	Pleosporales	Pleosporaceae	unclassified	unclassified
OTU422	Basidiomycota	Agaricomycetes	Agaricales	Strophariaceae	Pholiota	Pholiota_adiposa
OTU423	Ascomycota	Sordariomycetes	Ophiostomatales	Ophiostomataceae	Ophiostoma	Ophiostoma_setosum
OTU424	Basidiomycota	Agaricomycetes	Cantharellales	Hydnaceae	Sistotrema	Sistotrema_brinkmannii
OTU425	Ascomycota	Dothideomycetes	Capnodiales	Mycosphaerellaceae	unclassified	unclassified
OTU426	Ascomycota	Sordariomycetes	Hypocreales	Hypocreales_fam_Incertae_sedis	Myrothecium	unclassified
OTU427	Ascomycota	Leotiomycetes	Helotiales	Helotiales_fam_Incertae_sedis	Naevala	Naevala_perexigua
OTU428	Ascomycota	Dothideomycetes	Capnodiales	Teratosphaeriaceae	Devriesia	Devriesia_shakazului
OTU429	Ascomycota	Eurotiomycetes	Chaetothyriales	Herpotrichiellaceae	unclassified	unclassified
OTU430	Ascomycota	Dothideomycetes	Pleosporales	unclassified	unclassified	unclassified
OTU431	Ascomycota	Dothideomycetes	Pleosporales	Pleosporaceae	Alternaria	unclassified
OTU432	Ascomycota	Leotiomycetes	unclassified	unclassified	unclassified	unclassified
OTU433	Basidiomycota	Tremellomycetes	Tremellales	Tremellales_fam_Incertae_sedis	Cryptococcus	Cryptococcus_flavus
OTU434	Basidiomycota	Agaricomycetes	Polyporales	Meruliaceae	Phlebia	Phlebia_acerina
OTU435	Basidiomycota	Agaricomycetes	Cantharellales	Ceratobasidiaceae	Rhizoctonia	Rhizoctonia_sp
OTU436	unclassified	unclassified	unclassified	unclassified	unclassified	unclassified
OTU437	Basidiomycota	Agaricomycetes	Polyporales	Meruliaceae	Merulius	Merulius_tremellosus
OTU438	Ascomycota	Eurotiomycetes	Chaetothyriales	Herpotrichiellaceae	Exophiala	Exophiala_pisciphila
OTU439	Basidiomycota	Tremellomycetes	Tremellales	Tremellales_fam_Incertae_sedis	unclassified	unclassified
OTU440	Basidiomycota	unclassified	unclassified	unclassified	unclassified	unclassified
OTU441	Ascomycota	Dothideomycetes	Pleosporales	Phaeosphaeriaceae	Sphaerellopsis	Sphaerellopsis_macroconidialis
OTU442	Basidiomycota	Agaricomycetes	Polyporales	Polyporaceae	unclassified	unclassified
OTU443	Ascomycota	Dothideomycetes	Pleosporales	Pleosporales_fam_Incertae_sedis	Didymella	Didymella_vitalbina
OTU444	Basidiomycota	Agaricomycetes	Atheliales	Atheliaceae	Piloderma	unclassified
OTU445	Basidiomycota	Ustilaginomycotina_cls_Incertae_sedis	Malasseziales	Malasseziaceae	Malassezia	unclassified
OTU446	Basidiomycota	Agaricomycetes	Atheliales	Atheliaceae	Athelia	unclassified
OTU447	Ascomycota	Leotiomycetes	Helotiales	Sclerotiniaceae	unclassified	unclassified
OTU448	Basidiomycota	Agaricomycetes	Agaricomycetes_ord_Incertae_sedis	Agaricomycetes_fam_Incertae_sedis	Peniophorella	Peniophorella_praetermissa
OTU449	Ascomycota	Eurotiomycetes	Chaetothyriales	unclassified	unclassified	unclassified
OTU450	Ascomycota	Dothideomycetes	Pleosporales	Phaeosphaeriaceae	unclassified	unclassified
OTU451	Basidiomycota	Agaricomycetes	Polyporales	Polyporaceae	Trametes	unclassified
OTU452	Basidiomycota	Agaricomycetes	Polyporales	Fomitopsidaceae	Fibroporia	Fibroporia_citrina
OTU453	Ascomycota	Leotiomycetes	Erysiphales	Erysiphaceae	Erysiphe	Erysiphe_sp
OTU454	Basidiomycota	Ustilaginomycotina_cls_Incertae_sedis	Malasseziales	Malasseziaceae	Malassezia	Malassezia_yamatoensis
OTU455	Ascomycota	Sordariomycetes	Diaporthales	Gnomoniaceae	unclassified	unclassified
OTU456	Basidiomycota	Microbotryomycetes	Sporidiobolales	Sporidiobolales_fam_Incertae_sedis	Rhodotorula	Rhodotorula_sp
OTU457	unclassified	unclassified	unclassified	unclassified	unclassified	unclassified
OTU458	Basidiomycota	Agaricomycetes	Polyporales	Fomitopsidaceae	Postia	Postia_subcaesia
OTU459	Ascomycota	Dothideomycetes	Capnodiales	Davidiellaceae	Cladosporium	unclassified
OTU460	Ascomycota	Dothideomycetes	Pleosporales	Pleosporales_fam_Incertae_sedis	unclassified	unclassified
OTU461	Ascomycota	Dothideomycetes	Pleosporales	Lophiostomataceae	Sigarispora	Sigarispora_arundinis
OTU462	unclassified	unclassified	unclassified	unclassified	unclassified	unclassified
OTU463	Basidiomycota	Agaricomycetes	Cantharellales	Ceratobasidiaceae	unclassified	unclassified
OTU464	unclassified	unclassified	unclassified	unclassified	unclassified	unclassified
OTU465	Ascomycota	Sordariomycetes	Hypocreales	Clavicipitaceae	Pochonia	Pochonia_bulbillosa
OTU466	Basidiomycota	Agaricomycetes	Polyporales	Phanerochaetaceae	Hyphodermella	Hyphodermella_corrugata
OTU467	Ascomycota	Sordariomycetes	Xylariales	Xylariaceae	Muscodor	Muscodor_fengyangensis
OTU468	Basidiomycota	Agaricomycetes	Cantharellales	Ceratobasidiaceae	Ceratobasidium	Ceratobasidium_sp
OTU469	Ascomycota	Leotiomycetes	Erysiphales	Erysiphaceae	Neoerysiphe	Neoerysiphe_galii
OTU470	unclassified	unclassified	unclassified	unclassified	unclassified	unclassified
OTU471	Ascomycota	Sordariomycetes	Chaetosphaeriales	Chaetosphaeriaceae	Chloridium	Chloridium_sp
OTU472	Ascomycota	Eurotiomycetes	Eurotiales	Trichocomaceae	Aspergillus	Aspergillus_caesiellus
OTU473	Ascomycota	Sordariomycetes	Hypocreales	Hypocreales_fam_Incertae_sedis	Sarocladium	Sarocladium_kiliense
OTU474	Ascomycota	Sordariomycetes	Diaporthales	unclassified	unclassified	unclassified
OTU475	Ascomycota	Saccharomycetes	Saccharomycetales	Saccharomycetales_fam_Incertae_sedis	Candida	Candida_metapsilosis
OTU476	Ascomycota	Sordariomycetes	Sordariales	unclassified	unclassified	unclassified
OTU477	Basidiomycota	Agaricomycetes	Cantharellales	unclassified	unclassified	unclassified
OTU478	unclassified	unclassified	unclassified	unclassified	unclassified	unclassified
OTU479	Basidiomycota	unclassified	unclassified	unclassified	unclassified	unclassified
OTU480	Ascomycota	Dothideomycetes	Pleosporales	unclassified	unclassified	unclassified
OTU481	Ascomycota	Eurotiomycetes	Eurotiales	Trichocomaceae	Aspergillus	Aspergillus_penicillioides
OTU482	unclassified	unclassified	unclassified	unclassified	unclassified	unclassified
OTU483	Ascomycota	Sordariomycetes	unclassified	unclassified	unclassified	unclassified
OTU484	Ascomycota	Eurotiomycetes	Chaetothyriales	Herpotrichiellaceae	Cladophialophora	Cladophialophora_minutissima
OTU485	Ascomycota	Dothideomycetes	Pleosporales	unclassified	unclassified	unclassified
OTU486	Ascomycota	unclassified	unclassified	unclassified	unclassified	unclassified
OTU487	Ascomycota	unclassified	unclassified	unclassified	unclassified	unclassified
OTU488	Ascomycota	Dothideomycetes	Pleosporales	Phaeosphaeriaceae	Ophiosphaerella	Ophiosphaerella_agrostidis
OTU489	unclassified	unclassified	unclassified	unclassified	unclassified	unclassified
OTU490	Zygomycota	Mucoromycotina_cls_Incertae_sedis	Mucorales	Mucoraceae	Mucor	Mucor_racemosus
OTU491	Ascomycota	unclassified	unclassified	unclassified	unclassified	unclassified
OTU492	Ascomycota	unclassified	unclassified	unclassified	unclassified	unclassified
OTU494	Ascomycota	Leotiomycetes	Helotiales	Helotiales_fam_Incertae_sedis	Tetracladium	unclassified
OTU496	Ascomycota	Eurotiomycetes	Chaetothyriales	Herpotrichiellaceae	Exophiala	Exophiala_xenobiotica
OTU497	Basidiomycota	Agaricomycetes	Boletales	Paxillaceae	Paxillus	Paxillus_involutus
OTU498	Basidiomycota	Ustilaginomycotina_cls_Incertae_sedis	Malasseziales	Malasseziaceae	Malassezia	Malassezia_restricta
OTU499	Ascomycota	Saccharomycetes	Saccharomycetales	Saccharomycetaceae	Vanderwaltozyma	unclassified
OTU500	Basidiomycota	Wallemiomycetes	Wallemiales	Wallemiaceae	Wallemia	Wallemia_mellicola
OTU501	unclassified	unclassified	unclassified	unclassified	unclassified	unclassified
OTU502	Ascomycota	unclassified	unclassified	unclassified	unclassified	unclassified
OTU503	Ascomycota	Eurotiomycetes	Eurotiales	Trichocomaceae	Aspergillus	Aspergillus_penicillioides
OTU504	Ascomycota	unclassified	unclassified	unclassified	unclassified	unclassified
OTU505	Basidiomycota	Exobasidiomycetes	Exobasidiomycetidae_ord_Incertae_sedis	Exobasidiomycetidae_fam_Incertae_sedis	Tilletiopsis	Tilletiopsis_pallescens
OTU506	Ascomycota	Sordariomycetes	Xylariales	Xylariales_fam_Incertae_sedis	Monographella	Monographella_nivalis
OTU507	unclassified	unclassified	unclassified	unclassified	unclassified	unclassified
OTU508	Ascomycota	Sordariomycetes	Sordariomycetidae_ord_Incertae_sedis	Glomerellaceae	Colletotrichum	unclassified
OTU509	Ascomycota	Leotiomycetes	Helotiales	Helotiaceae	Cyathicula	Cyathicula_cyathoidea
OTU510	unclassified	unclassified	unclassified	unclassified	unclassified	unclassified
OTU511	unclassified	unclassified	unclassified	unclassified	unclassified	unclassified
OTU512	Ascomycota	Dothideomycetes	Capnodiales	Mycosphaerellaceae	unclassified	unclassified
OTU513	Basidiomycota	Agaricomycetes	Agaricales	unclassified	unclassified	unclassified
OTU514	Basidiomycota	Ustilaginomycotina_cls_Incertae_sedis	Malasseziales	Malasseziaceae	Malassezia	Malassezia_restricta
OTU515	Ascomycota	Saccharomycetes	Saccharomycetales	Saccharomycetales_fam_Incertae_sedis	Lodderomyces	Lodderomyces_elongisporus
OTU516	unclassified	unclassified	unclassified	unclassified	unclassified	unclassified
OTU517	Ascomycota	Leotiomycetes	Helotiales	Helotiales_fam_Incertae_sedis	Naevala	Naevala_perexigua
OTU518	Basidiomycota	Ustilaginomycotina_cls_Incertae_sedis	Malasseziales	Malasseziaceae	Malassezia	Malassezia_restricta
OTU519	Ascomycota	Eurotiomycetes	Eurotiales	Trichocomaceae	Penicillium	unclassified
OTU520	unclassified	unclassified	unclassified	unclassified	unclassified	unclassified
OTU521	unclassified	unclassified	unclassified	unclassified	unclassified	unclassified
OTU522	Ascomycota	Eurotiomycetes	Eurotiales	Trichocomaceae	Penicillium	unclassified
OTU523	Basidiomycota	Agaricomycetes	Polyporales	Phanerochaetaceae	Ceriporia	Ceriporia_lacerata
OTU524	Basidiomycota	Ustilaginomycotina_cls_Incertae_sedis	Malasseziales	Malasseziaceae	Malassezia	Malassezia_restricta
OTU525	Basidiomycota	Agaricomycetes	Agaricales	Inocybaceae	Crepidotus	Crepidotus_applanatus
OTU526	Ascomycota	unclassified	unclassified	unclassified	unclassified	unclassified
OTU527	Basidiomycota	Agaricomycetes	Hymenochaetales	Schizoporaceae	Xylodon	Xylodon_nespori
OTU528	Basidiomycota	Agaricomycetes	Agaricales	Strophariaceae	unclassified	unclassified
OTU529	unclassified	unclassified	unclassified	unclassified	unclassified	unclassified
OTU530	unclassified	unclassified	unclassified	unclassified	unclassified	unclassified
OTU531	Ascomycota	unclassified	unclassified	unclassified	unclassified	unclassified
OTU532	unclassified	unclassified	unclassified	unclassified	unclassified	unclassified
OTU533	unclassified	unclassified	unclassified	unclassified	unclassified	unclassified
OTU534	Ascomycota	Pezizomycotina_cls_Incertae_sedis	Pezizomycotina_ord_Incertae_sedis	Pezizomycotina_fam_Incertae_sedis	Knufia	Knufia_petricola
OTU535	Basidiomycota	Agaricomycetes	Polyporales	Phanerochaetaceae	Hyphodermella	Hyphodermella_sp
OTU536	unclassified	unclassified	unclassified	unclassified	unclassified	unclassified
OTU537	Basidiomycota	Ustilaginomycotina_cls_Incertae_sedis	Malasseziales	Malasseziaceae	Malassezia	Malassezia_restricta
OTU538	Basidiomycota	Agaricomycetes	Trechisporales	unclassified_Trechisporales	unclassified_Trechisporales	Trechisporales_sp
OTU539	unclassified	unclassified	unclassified	unclassified	unclassified	unclassified
OTU540	Ascomycota	Eurotiomycetes	Eurotiales	Trichocomaceae	unclassified	unclassified
OTU541	Basidiomycota	Agaricomycetes	Hymenochaetales	Hymenochaetaceae	Hymenochaete	unclassified
OTU542	Basidiomycota	Dacrymycetes	Dacrymycetales	Dacrymycetaceae	Cerinosterus	Cerinosterus_luteoalbus
OTU543	Ascomycota	Pezizomycetes	Pezizales	Pezizaceae	unclassified_Pezizaceae	Pezizaceae_sp
OTU544	Basidiomycota	Agaricomycetes	Corticiales	Corticiaceae	unclassified	unclassified
OTU545	Ascomycota	Lecanoromycetes	Teloschistales	Teloschistaceae	Xanthoria	unclassified
OTU547	Basidiomycota	Agaricomycetes	Agaricales	Omphalotaceae	Gymnopus	Gymnopus_dryophilus
OTU548	unclassified	unclassified	unclassified	unclassified	unclassified	unclassified
OTU549	Ascomycota	Dothideomycetes	Pleosporales	Pleosporaceae	Bipolaris	Bipolaris_cynodontis
OTU550	Ascomycota	Dothideomycetes	Pleosporales	unclassified	unclassified	unclassified
OTU551	Basidiomycota	unclassified	unclassified	unclassified	unclassified	unclassified
OTU552	Basidiomycota	Tremellomycetes	Tremellales	Tremellales_fam_Incertae_sedis	Cryptococcus	unclassified
OTU553	Basidiomycota	Microbotryomycetes	Sporidiobolales	Sporidiobolales_fam_Incertae_sedis	Rhodotorula	Rhodotorula_mucilaginosa
OTU554	Basidiomycota	Agaricostilbomycetes	Agaricostilbales	Chionosphaeraceae	unclassified_Chionosphaeraceae	Chionosphaeraceae_sp
OTU555	Ascomycota	Dothideomycetes	Pleosporales	Leptosphaeriaceae	Leptosphaeria	Leptosphaeria_maculans
OTU556	Ascomycota	Pezizomycotina_cls_Incertae_sedis	Pezizomycotina_ord_Incertae_sedis	Pezizomycotina_fam_Incertae_sedis	Hansfordia	Hansfordia_pulvinata
OTU557	unclassified	unclassified	unclassified	unclassified	unclassified	unclassified
OTU558	Ascomycota	Sordariomycetes	Sordariomycetidae_ord_Incertae_sedis	Glomerellaceae	Colletotrichum	Colletotrichum_cliviae
OTU559	unclassified	unclassified	unclassified	unclassified	unclassified	unclassified
OTU560	Basidiomycota	Tremellomycetes	unclassified	unclassified	unclassified	unclassified
OTU561	Basidiomycota	Agaricomycetes	Agaricales	Typhulaceae	Typhula	unclassified
OTU562	unclassified	unclassified	unclassified	unclassified	unclassified	unclassified
OTU563	Ascomycota	Dothideomycetes	Pleosporales	Cucurbitariaceae	unclassified_Cucurbitariaceae	Cucurbitariaceae_sp
OTU564	Ascomycota	Leotiomycetes	Helotiales	Helotiales_fam_Incertae_sedis	unclassified	unclassified
OTU565	Ascomycota	Taphrinomycetes	Taphrinales	Taphrinaceae	Taphrina	Taphrina_pruni
OTU566	Ascomycota	Leotiomycetes	Erysiphales	Erysiphaceae	Sawadaea	Sawadaea_tulasnei
OTU567	unclassified	unclassified	unclassified	unclassified	unclassified	unclassified
OTU568	Ascomycota	Saccharomycetes	Saccharomycetales	Saccharomycetales_fam_Incertae_sedis	Cyberlindnera	Cyberlindnera_jadinii
OTU569	Ascomycota	unclassified	unclassified	unclassified	unclassified	unclassified
OTU570	Basidiomycota	Agaricomycetes	Agaricales	Tricholomataceae	unclassified	unclassified
OTU572	Basidiomycota	Exobasidiomycetes	Exobasidiomycetidae_ord_Incertae_sedis	Exobasidiomycetidae_fam_Incertae_sedis	Tilletiopsis	Tilletiopsis_washingtonensis
OTU573	Ascomycota	unclassified	unclassified	unclassified	unclassified	unclassified
OTU574	Ascomycota	Sordariomycetes	Sordariomycetidae_ord_Incertae_sedis	Apiosporaceae	Arthrinium	unclassified
OTU575	Basidiomycota	Ustilaginomycetes	Ustilaginales	Ustilaginaceae	Ustilago	Ustilago_striiformis
OTU576	unclassified	unclassified	unclassified	unclassified	unclassified	unclassified
OTU577	unclassified	unclassified	unclassified	unclassified	unclassified	unclassified
OTU586	Ascomycota	Dothideomycetes	Capnodiales	Davidiellaceae	Cladosporium	unclassified
OTU594	Basidiomycota	Ustilaginomycotina_cls_Incertae_sedis	Malasseziales	Malasseziaceae	Malassezia	Malassezia_restricta
OTU603	Ascomycota	Eurotiomycetes	Eurotiales	Trichocomaceae	unclassified	unclassified
OTU605	Ascomycota	Dothideomycetes	Capnodiales	unclassified	unclassified	unclassified
OTU612	Ascomycota	Saccharomycetes	Saccharomycetales	Saccharomycetales_fam_Incertae_sedis	Cyberlindnera	Cyberlindnera_jadinii
OTU623	Basidiomycota	unclassified	unclassified	unclassified	unclassified	unclassified
OTU631	Ascomycota	Eurotiomycetes	Eurotiales	Trichocomaceae	unclassified	unclassified
OTU632	unclassified	unclassified	unclassified	unclassified	unclassified	unclassified
OTU664	Basidiomycota	Ustilaginomycotina_cls_Incertae_sedis	Malasseziales	Malasseziaceae	Malassezia	Malassezia_restricta
